<?xml version='1.0' encoding='utf-8'?>
<Deployment AppPlatformVersion="8.0" xmlns="http://schemas.microsoft.com/windowsphone/2012/deployment">
    <DefaultLanguage code="en-US" xmlns="" />
    <Languages xmlns="">
        <Language code="en-US" />
    </Languages>
    <App Author="Apache Cordova Team" BitsPerPixel="32" Description="A blank project that uses Apache Cordova to help you build an app that targets multiple mobile platforms: Android, iOS, Windows, and Windows Phone." Genre="apps.normal" ProductID="{e395d090-e29c-11e5-8d1f-0d0b2ede162d}" Publisher="Apache Cordova Team" PublisherID="{db093ed5-53b1-45f7-af72-751e8f36ab80}" RuntimeType="Silverlight" Title="gre prep" Version="1.0.0" xmlns="">
        <IconPath IsRelative="true" IsResource="false">ApplicationIcon.png</IconPath>
        <Capabilities>
            <Capability Name="ID_CAP_WEBBROWSERCOMPONENT" />
            <Capability Name="ID_CAP_NETWORKING" />
        </Capabilities>
        <Tasks>
            <DefaultTask Name="_default" NavigationPage="MainPage.xaml" />
        </Tasks>
        <Tokens>
            <PrimaryToken TaskName="_default" TokenID="gre prepToken">
                <TemplateFlip>
                    <SmallImageURI IsRelative="true" IsResource="false">Background.png</SmallImageURI>
                    <Count>0</Count>
                    <BackgroundImageURI IsRelative="true" IsResource="false">Background.png</BackgroundImageURI>
                    <Title>gre prep</Title>
                    <BackContent />
                    <BackBackgroundImageURI />
                    <BackTitle />
                    <LargeBackgroundImageURI />
                    <LargeBackContent />
                    <LargeBackBackgroundImageURI />
                    <DeviceLockImageURI />
                    <HasLarge>false</HasLarge>
                </TemplateFlip>
            </PrimaryToken>
        </Tokens>
        <ScreenResolutions>
            <ScreenResolution Name="ID_RESOLUTION_WVGA" />
            <ScreenResolution Name="ID_RESOLUTION_WXGA" />
            <ScreenResolution Name="ID_RESOLUTION_HD720P" />
        </ScreenResolutions>
    </App>
</Deployment>
